create table COUNTRIES
(
    COUNTRY_ID   NUMBER not null
        constraint COUNTRIES_PK
            primary key,
    COUNTRY_NAME VARCHAR2(50),
    REGION_ID    NUMBER not null
);

create table DEPARTMENTS
(
    DEPARTMENT_ID   NUMBER not null
        constraint DEPARTMENTS_PK
            primary key,
    DEPARTMENT_NAME VARCHAR2(50),
    MANAGER_ID      NUMBER not null,
    LOCATION_ID     NUMBER not null
);

INSERT INTO DEPARTMENTS (DEPARTMENT_ID, DEPARTMENT_NAME, MANAGER_ID, LOCATION_ID) VALUES (1, 'DRK', 5, 2);
INSERT INTO DEPARTMENTS (DEPARTMENT_ID, DEPARTMENT_NAME, MANAGER_ID, LOCATION_ID) VALUES (2, 'PZK', 5, 2);
INSERT INTO DEPARTMENTS (DEPARTMENT_ID, DEPARTMENT_NAME, MANAGER_ID, LOCATION_ID) VALUES (3, 'ORM', 5, 2);
INSERT INTO DEPARTMENTS (DEPARTMENT_ID, DEPARTMENT_NAME, MANAGER_ID, LOCATION_ID) VALUES (4, 'MVC', 5, 2);
create table EMPLOYEES
(
    EMPLOYEE_ID    NUMBER not null
        constraint EMPLOYEES_PK
            primary key,
    FIRST_NAME     VARCHAR2(20),
    LAST_NAME      VARCHAR2(50),
    EMAIL          VARCHAR2(100),
    PHONE_NUMBER   NUMBER,
    HIRE_DATE      DATE,
    JOB_ID         NUMBER not null,
    SALARY         NUMBER(10, 2),
    COMMISSION_PCT VARCHAR2(50),
    MANAGER_ID     NUMBER,
    DEPARTMENT_ID  NUMBER not null
);

INSERT INTO EMPLOYEES (EMPLOYEE_ID, FIRST_NAME, LAST_NAME, EMAIL, PHONE_NUMBER, HIRE_DATE, JOB_ID, SALARY, COMMISSION_PCT, MANAGER_ID, DEPARTMENT_ID) VALUES (1, 'Maciej', 'Maciejewski', 'maciej.maciejewski@gmail.com', 500100100, TO_DATE('2020-05-14 14:55:48', 'YYYY-MM-DD HH24:MI:SS'), 2, 5000.00, 'cos', 5, 1);
INSERT INTO EMPLOYEES (EMPLOYEE_ID, FIRST_NAME, LAST_NAME, EMAIL, PHONE_NUMBER, HIRE_DATE, JOB_ID, SALARY, COMMISSION_PCT, MANAGER_ID, DEPARTMENT_ID) VALUES (2, 'Mariusz', 'Wiśniewski', 'mariusz.wiśniewski@gmail.com', 501100200, TO_DATE('2016-05-14 15:02:24', 'YYYY-MM-DD HH24:MI:SS'), 2, 8500.00, 'cos', 5, 1);
INSERT INTO EMPLOYEES (EMPLOYEE_ID, FIRST_NAME, LAST_NAME, EMAIL, PHONE_NUMBER, HIRE_DATE, JOB_ID, SALARY, COMMISSION_PCT, MANAGER_ID, DEPARTMENT_ID) VALUES (3, 'Katarzyna', 'Zgrabna', 'katarzyna.zgrabna28@wp.pl', 502100200, TO_DATE('2020-01-14 15:04:13', 'YYYY-MM-DD HH24:MI:SS'), 4, 3500.00, 'cos', 5, 1);
INSERT INTO EMPLOYEES (EMPLOYEE_ID, FIRST_NAME, LAST_NAME, EMAIL, PHONE_NUMBER, HIRE_DATE, JOB_ID, SALARY, COMMISSION_PCT, MANAGER_ID, DEPARTMENT_ID) VALUES (4, 'Dominik', 'Napieralski', 'dominik.napieralski@o2.pl', 503100200, TO_DATE('2015-05-14 15:05:42', 'YYYY-MM-DD HH24:MI:SS'), 3, 10000.00, 'cos', 5, 2);
INSERT INTO EMPLOYEES (EMPLOYEE_ID, FIRST_NAME, LAST_NAME, EMAIL, PHONE_NUMBER, HIRE_DATE, JOB_ID, SALARY, COMMISSION_PCT, MANAGER_ID, DEPARTMENT_ID) VALUES (5, 'Tadeusz', 'Jerzyna', 'tadeusz.jerzyna@gmail.com', 500000100, TO_DATE('2010-06-01 15:09:06', 'YYYY-MM-DD HH24:MI:SS'), 1, 15000.00, 'cos', null, 4);
INSERT INTO EMPLOYEES (EMPLOYEE_ID, FIRST_NAME, LAST_NAME, EMAIL, PHONE_NUMBER, HIRE_DATE, JOB_ID, SALARY, COMMISSION_PCT, MANAGER_ID, DEPARTMENT_ID) VALUES (6, 'Tomasz', 'Pracowity', 'tommy.pracowity@gmail.com', 504100200, TO_DATE('2016-01-01 15:32:33', 'YYYY-MM-DD HH24:MI:SS'), 2, 5500.00, 'cos', 5, 2);
INSERT INTO EMPLOYEES (EMPLOYEE_ID, FIRST_NAME, LAST_NAME, EMAIL, PHONE_NUMBER, HIRE_DATE, JOB_ID, SALARY, COMMISSION_PCT, MANAGER_ID, DEPARTMENT_ID) VALUES (7, 'Edward', 'Kowalski', 'edward.kowalski@gmail.com', 505100200, TO_DATE('2009-03-01 18:30:14', 'YYYY-MM-DD HH24:MI:SS'), 1, 12000.00, 'cos', null, 3);
create table JOBS
(
    JOB_ID     NUMBER(10) not null
        constraint JOBS_PK
            primary key,
    JOB_TITLE  VARCHAR2(100),
    MIN_SALARY NUMBER(10, 2),
    MAX_SALARY NUMBER(10, 2)
);

INSERT INTO JOBS (JOB_ID, JOB_TITLE, MIN_SALARY, MAX_SALARY) VALUES (1, 'TM', 12000.00, 20000.00);
INSERT INTO JOBS (JOB_ID, JOB_TITLE, MIN_SALARY, MAX_SALARY) VALUES (2, 'Mid Java', 5000.00, 9000.00);
INSERT INTO JOBS (JOB_ID, JOB_TITLE, MIN_SALARY, MAX_SALARY) VALUES (3, 'Senior Java/ PM', 10000.00, 12000.00);
INSERT INTO JOBS (JOB_ID, JOB_TITLE, MIN_SALARY, MAX_SALARY) VALUES (4, 'Junior QA', 2500.00, 4500.00);
INSERT INTO JOBS (JOB_ID, JOB_TITLE, MIN_SALARY, MAX_SALARY) VALUES (5, 'Junior Java', 2500.00, 4500.00);
create table JOB_HISTORY
(
    EMPLOYEE_ID   NUMBER not null,
    START_DATE    DATE   not null,
    END_DATE      DATE,
    JOB_ID        NUMBER not null,
    DEPARTMENT_ID NUMBER not null,
    constraint JOB_HISTORY_PK
        primary key (EMPLOYEE_ID, START_DATE)
);

INSERT INTO JOB_HISTORY (EMPLOYEE_ID, START_DATE, END_DATE, JOB_ID, DEPARTMENT_ID) VALUES (7, TO_DATE('2009-03-01 18:33:40', 'YYYY-MM-DD HH24:MI:SS'), TO_DATE('2011-04-30 18:33:59', 'YYYY-MM-DD HH24:MI:SS'), 4, 2);
INSERT INTO JOB_HISTORY (EMPLOYEE_ID, START_DATE, END_DATE, JOB_ID, DEPARTMENT_ID) VALUES (7, TO_DATE('2011-05-01 18:35:07', 'YYYY-MM-DD HH24:MI:SS'), TO_DATE('2015-05-31 18:35:31', 'YYYY-MM-DD HH24:MI:SS'), 2, 1);
INSERT INTO JOB_HISTORY (EMPLOYEE_ID, START_DATE, END_DATE, JOB_ID, DEPARTMENT_ID) VALUES (5, TO_DATE('2010-06-01 15:11:38', 'YYYY-MM-DD HH24:MI:SS'), TO_DATE('2011-05-31 15:11:53', 'YYYY-MM-DD HH24:MI:SS'), 2, 1);
INSERT INTO JOB_HISTORY (EMPLOYEE_ID, START_DATE, END_DATE, JOB_ID, DEPARTMENT_ID) VALUES (6, TO_DATE('2016-01-01 15:34:00', 'YYYY-MM-DD HH24:MI:SS'), TO_DATE('2018-06-30 15:34:18', 'YYYY-MM-DD HH24:MI:SS'), 5, 1);
INSERT INTO JOB_HISTORY (EMPLOYEE_ID, START_DATE, END_DATE, JOB_ID, DEPARTMENT_ID) VALUES (4, TO_DATE('2015-05-14 18:05:03', 'YYYY-MM-DD HH24:MI:SS'), TO_DATE('2019-04-30 18:05:09', 'YYYY-MM-DD HH24:MI:SS'), 5, 3);
create table LOCATIONS
(
    LOCATION_ID    NUMBER not null
        constraint LOCATIONS_PK
            primary key,
    STREET_ADDRESS VARCHAR2(100),
    POSTAL_CODE    VARCHAR2(10),
    CITY           VARCHAR2(50),
    STATE_PROVINCE VARCHAR2(50),
    COUNTRY_ID     NUMBER not null
);

create table REGIONS
(
    REGION_ID   NUMBER(10) not null
        constraint REGIONS_PK
            primary key,
    REGION_NAME VARCHAR2(50)
)
/

